time,src,dst,event,size
0.054571,3,3,3,402
0.054973,1,1,1,402
0.054973,2,2,1,402
0.126167,3,3,3,610
0.126777,1,1,1,610
0.126777,2,2,1,610
0.141863,2,2,3,465
0.142328,1,1,1,465
0.142328,3,3,1,465
0.186061,1,1,3,865
0.186926,3,3,1,865
0.186926,2,2,1,865
0.206603,2,2,3,753
0.207356,1,1,1,753
0.207356,3,3,1,753
0.239709,2,2,3,1111
0.240820,1,1,1,1111
0.240820,3,3,1,1111
0.279321,3,3,3,390
0.279711,1,1,1,390
0.279711,2,2,1,390
0.336039,2,2,3,1435
0.337474,1,1,1,1435
0.337474,3,3,1,1435
0.424780,1,1,3,1320
0.426100,3,3,1,1320
0.426100,2,2,1,1320
0.461908,1,1,3,1074
0.462982,3,3,1,1074
0.462982,2,2,1,1074
0.502227,2,2,3,1009
0.503236,1,1,1,1009
0.503236,3,3,1,1009
0.519834,3,3,3,176
0.520010,1,1,1,176
0.520010,2,2,1,176
0.566120,2,2,3,904
0.567024,1,1,1,904
0.567024,3,3,1,904
0.576781,3,3,3,1412
0.578193,1,1,1,1412
0.578193,2,2,1,1412
0.641600,3,3,3,1268
0.642868,1,1,1,1268
0.642868,2,2,1,1268
0.671777,3,3,3,1182
0.672959,1,1,1,1182
0.672959,2,2,1,1182
0.691011,1,1,3,52
0.691063,3,3,1,52
0.691063,2,2,1,52
0.751339,3,3,3,602
0.751941,1,1,1,602
0.751941,2,2,1,602
0.810317,2,2,3,986
0.810432,2,2,3,737
0.811303,1,1,1,986
0.811303,3,3,1,986
0.812041,1,1,2,737
0.812041,3,3,2,737
0.818203,1,1,3,380
0.818583,3,3,1,380
0.818583,2,2,1,380
0.857537,1,1,3,1275
0.858812,3,3,1,1275
0.858812,2,2,1,1275
0.878741,1,1,3,842
0.879583,3,3,1,842
0.879583,2,2,1,842
0.906003,1,1,3,1414
0.907417,3,3,1,1414
0.907417,2,2,1,1414
0.925548,3,3,3,672
0.926220,1,1,1,672
0.926220,2,2,1,672
0.933934,3,3,3,489
0.934423,1,1,1,489
0.934423,2,2,1,489
1.004850,3,3,3,1364
1.006214,1,1,1,1364
1.006214,2,2,1,1364
1.012626,2,2,3,819
1.013445,1,1,1,819
1.013445,3,3,1,819
1.016397,3,3,3,814
1.017211,1,1,1,814
1.017211,2,2,1,814
1.068549,1,1,3,804
1.069353,3,3,1,804
1.069353,2,2,1,804
1.135235,2,2,3,893
1.136128,1,1,1,893
1.136128,3,3,1,893
1.184850,3,3,3,667
1.185517,1,1,1,667
1.185517,2,2,1,667
1.223815,2,2,3,582
1.224397,1,1,1,582
1.224397,3,3,1,582
1.275555,3,3,3,447
1.276002,1,1,1,447
1.276002,2,2,1,447
1.296552,3,3,3,299
1.296851,1,1,1,299
1.296851,2,2,1,299
1.309535,2,2,3,970
1.310505,1,1,1,970
1.310505,3,3,1,970
1.374263,2,2,3,160
1.374423,1,1,1,160
1.374423,3,3,1,160
1.391426,3,3,3,1284
1.392710,1,1,1,1284
1.392710,2,2,1,1284
1.400525,1,1,3,1235
1.401760,3,3,1,1235
1.401760,2,2,1,1235
1.515981,2,2,3,1350
1.517331,1,1,1,1350
1.517331,3,3,1,1350
1.593765,2,2,3,591
1.594356,1,1,1,591
1.594356,3,3,1,591
1.628973,1,1,3,426
1.629399,3,3,1,426
1.629399,2,2,1,426
1.648317,3,3,3,1245
1.649562,1,1,1,1245
1.649562,2,2,1,1245
1.715939,2,2,3,874
1.716813,1,1,1,874
1.716813,3,3,1,874
1.795907,1,1,3,860
1.796767,3,3,1,860
1.796767,2,2,1,860
1.855794,1,1,3,975
1.856769,3,3,1,975
1.856769,2,2,1,975
1.873734,3,3,3,1341
1.875075,1,1,1,1341
1.875075,2,2,1,1341
2.015043,2,2,3,150
2.015193,1,1,1,150
2.015193,3,3,1,150
2.031395,3,3,3,727
2.032122,1,1,1,727
2.032122,2,2,1,727
2.109920,2,2,3,1239
2.111159,1,1,1,1239
2.111159,3,3,1,1239
2.130860,3,3,3,1077
2.131937,1,1,1,1077
2.131937,2,2,1,1077
2.137764,2,2,3,347
2.138111,1,1,1,347
2.138111,3,3,1,347
2.143318,3,3,3,507
2.143825,1,1,1,507
2.143825,2,2,1,507
2.296035,2,2,3,176
2.296211,1,1,1,176
2.296211,3,3,1,176
2.311860,2,2,3,1028
2.312553,3,3,3,851
2.312888,1,1,1,1028
2.312888,3,3,1,1028
2.313740,1,1,1,851
2.313740,2,2,1,851
2.316488,2,2,3,795
2.317283,1,1,1,795
2.317283,3,3,1,795
2.414603,1,1,3,70
2.414673,3,3,1,70
2.414673,2,2,1,70
2.430616,2,2,3,898
2.431514,1,1,1,898
2.431514,3,3,1,898
2.515388,1,1,3,591
2.515979,3,3,1,591
2.515979,2,2,1,591
2.516407,2,2,3,1432
2.517839,1,1,1,1432
2.517839,3,3,1,1432
2.520114,2,2,3,63
2.520177,1,1,1,63
2.520177,3,3,1,63
2.553365,3,3,3,296
2.553661,1,1,1,296
2.553661,2,2,1,296
2.561614,1,1,3,333
2.561947,3,3,1,333
2.561947,2,2,1,333
2.566592,3,3,3,1370
2.567962,1,1,1,1370
2.567962,2,2,1,1370
2.568897,3,3,3,640
2.569537,1,1,1,640
2.569537,2,2,1,640
2.579599,3,3,3,403
2.580002,1,1,1,403
2.580002,2,2,1,403
2.604552,3,3,3,956
2.605508,1,1,1,956
2.605508,2,2,1,956
2.647675,3,3,3,289
2.647964,1,1,1,289
2.647964,2,2,1,289
2.717720,3,3,3,88
2.717808,1,1,1,88
2.717808,2,2,1,88
2.722932,1,1,3,1443
2.724375,3,3,1,1443
2.724375,2,2,1,1443
2.728359,3,3,3,544
2.728903,1,1,1,544
2.728903,2,2,1,544
2.745166,1,1,3,1229
2.746395,3,3,1,1229
2.746395,2,2,1,1229
2.844614,2,2,3,274
2.844888,1,1,1,274
2.844888,3,3,1,274
2.859886,3,3,3,1412
2.861298,1,1,1,1412
2.861298,2,2,1,1412
2.865866,3,3,3,998
2.866864,1,1,1,998
2.866864,2,2,1,998
2.956284,2,2,3,521
2.956805,1,1,1,521
2.956805,3,3,1,521
2.985143,2,2,3,884
2.986027,1,1,1,884
2.986027,3,3,1,884
2.995859,1,1,3,282
2.996141,3,3,1,282
2.996141,2,2,1,282
3.043539,2,2,3,617
3.044156,1,1,1,617
3.044156,3,3,1,617
3.052573,3,3,3,758
3.053331,1,1,1,758
3.053331,2,2,1,758
3.059654,1,1,3,542
3.060196,3,3,1,542
3.060196,2,2,1,542
3.089890,3,3,3,390
3.090280,1,1,1,390
3.090280,2,2,1,390
3.127730,2,2,3,50
3.127780,1,1,1,50
3.127780,3,3,1,50
3.172124,3,3,3,512
3.172636,1,1,1,512
3.172636,2,2,1,512
3.176801,3,3,3,433
3.177234,1,1,1,433
3.177234,2,2,1,433
3.204262,3,3,3,1393
3.205655,1,1,1,1393
3.205655,2,2,1,1393
3.241461,1,1,3,443
3.241904,3,3,1,443
3.241904,2,2,1,443
3.247684,3,3,3,1384
3.249068,1,1,1,1384
3.249068,2,2,1,1384
3.263045,2,2,3,919
3.263964,1,1,1,919
3.263964,3,3,1,919
3.285965,1,1,3,586
3.286551,3,3,1,586
3.286551,2,2,1,586
3.339480,1,1,3,961
3.339632,1,1,3,307
3.340441,3,3,1,961
3.340441,2,2,1,961
3.340749,3,3,2,307
3.340749,2,2,2,307
3.348127,3,3,3,374
3.348501,1,1,1,374
3.348501,2,2,1,374
3.380339,1,1,3,573
3.380912,3,3,1,573
3.380912,2,2,1,573
3.388789,2,2,3,843
3.389632,1,1,1,843
3.389632,3,3,1,843
3.442302,2,2,3,606
3.442908,1,1,1,606
3.442908,3,3,1,606
3.449572,3,3,3,629
3.450201,1,1,1,629
3.450201,2,2,1,629
3.558101,3,3,3,99
3.558200,1,1,1,99
3.558200,2,2,1,99
3.563311,2,2,3,402
3.563713,1,1,1,402
3.563713,3,3,1,402
3.580471,2,2,3,785
3.581256,1,1,1,785
3.581256,3,3,1,785
3.588623,1,1,3,834
3.589457,3,3,1,834
3.589457,2,2,1,834
3.617043,3,3,3,1294
3.618337,1,1,1,1294
3.618337,2,2,1,1294
3.647271,2,2,3,478
3.647749,1,1,1,478
3.647749,3,3,1,478
3.685280,3,3,3,1187
3.686467,1,1,1,1187
3.686467,2,2,1,1187
3.710174,2,2,3,1192
3.711366,1,1,1,1192
3.711366,3,3,1,1192
3.729471,1,1,3,1459
3.730930,3,3,1,1459
3.730930,2,2,1,1459
3.731000,2,2,3,151
3.731151,1,1,1,151
3.731151,3,3,1,151
3.829734,1,1,3,1441
3.831175,3,3,1,1441
3.831175,2,2,1,1441
3.860300,2,2,3,1001
3.861301,1,1,1,1001
3.861301,3,3,1,1001
3.881120,1,1,3,337
3.881457,3,3,1,337
3.881457,2,2,1,337
3.893238,3,3,3,35
3.893273,1,1,1,35
3.893273,2,2,1,35
3.898306,2,2,3,786
3.899092,1,1,1,786
3.899092,3,3,1,786
3.908596,2,2,3,202
3.908798,1,1,1,202
3.908798,3,3,1,202
4.007465,1,1,3,1280
4.008745,3,3,1,1280
4.008745,2,2,1,1280
4.013368,2,2,3,1429
4.014798,1,1,1,1429
4.014798,3,3,1,1429
4.023925,2,2,3,1251
4.025176,1,1,1,1251
4.025176,3,3,1,1251
4.040313,1,1,3,148
4.040461,3,3,1,148
4.040461,2,2,1,148
4.066247,3,3,3,679
4.066926,1,1,1,679
4.066926,2,2,1,679
4.072432,1,1,3,1262
4.073694,3,3,1,1262
4.073694,2,2,1,1262
4.074458,2,2,3,776
4.075234,1,1,1,776
4.075234,3,3,1,776
4.086752,1,1,3,528
4.087280,3,3,1,528
4.087280,2,2,1,528
4.179664,2,2,3,430
4.180094,1,1,1,430
4.180094,3,3,1,430
4.181539,2,2,3,90
4.181629,1,1,1,90
4.181629,3,3,1,90
4.223433,3,3,3,829
4.224262,1,1,1,829
4.224262,2,2,1,829
4.292219,1,1,3,1372
4.293591,3,3,1,1372
4.293591,2,2,1,1372
4.295795,2,2,3,92
4.295887,1,1,1,92
4.295887,3,3,1,92
4.434079,2,2,3,1033
4.435112,1,1,1,1033
4.435112,3,3,1,1033
4.516245,3,3,3,1049
4.517294,1,1,1,1049
4.517294,2,2,1,1049
4.532848,1,1,3,946
4.533794,3,3,1,946
4.533794,2,2,1,946
4.540605,2,2,3,800
4.541405,1,1,1,800
4.541405,3,3,1,800
4.563904,2,2,3,870
4.564774,1,1,1,870
4.564774,3,3,1,870
4.564798,2,2,3,248
4.565046,1,1,1,248
4.565046,3,3,1,248
4.579441,1,1,3,1160
4.580601,3,3,1,1160
4.580601,2,2,1,1160
4.605356,2,2,3,515
4.605871,1,1,1,515
4.605871,3,3,1,515
4.702256,2,2,3,91
4.702347,1,1,1,91
4.702347,3,3,1,91
4.706203,1,1,3,1434
4.707637,3,3,1,1434
4.707637,2,2,1,1434
4.720152,2,2,3,596
4.720748,1,1,1,596
4.720748,3,3,1,596
4.740386,1,1,3,451
4.740837,3,3,1,451
4.740837,2,2,1,451
4.749251,3,3,3,374
4.749625,1,1,1,374
4.749625,2,2,1,374
4.754197,3,3,3,288
4.754485,1,1,1,288
4.754485,2,2,1,288
4.799666,2,2,3,133
4.799799,1,1,1,133
4.799799,3,3,1,133
4.805407,1,1,3,501
4.805908,3,3,1,501
4.805908,2,2,1,501
4.828231,3,3,3,174
4.828405,1,1,1,174
4.828405,2,2,1,174
4.851279,2,2,3,709
4.851988,1,1,1,709
4.851988,3,3,1,709
4.858974,1,1,3,1426
4.860400,3,3,1,1426
4.860400,2,2,1,1426
4.901080,1,1,3,716
4.901796,3,3,1,716
4.901796,2,2,1,716
5.021343,1,1,3,641
5.021984,3,3,1,641
5.021984,2,2,1,641
5.035068,2,2,3,1081
5.036149,1,1,1,1081
5.036149,3,3,1,1081
5.057283,1,1,3,1345
5.058628,3,3,1,1345
5.058628,2,2,1,1345
5.067545,3,3,3,568
5.068113,1,1,1,568
5.068113,2,2,1,568
5.155831,1,1,3,944
5.156775,3,3,1,944
5.156775,2,2,1,944
5.162641,1,1,3,153
5.162794,3,3,1,153
5.162794,2,2,1,153
5.259878,2,2,3,119
5.259997,1,1,1,119
5.259997,3,3,1,119
5.260666,2,2,3,594
5.261260,1,1,1,594
5.261260,3,3,1,594
5.301219,1,1,3,673
5.301892,3,3,1,673
5.301892,2,2,1,673
5.333856,2,2,3,867
5.334723,1,1,1,867
5.334723,3,3,1,867
5.368283,1,1,3,636
5.368919,3,3,1,636
5.368919,2,2,1,636
5.414222,1,1,3,1444
5.415666,3,3,1,1444
5.415666,2,2,1,1444
5.434690,3,3,3,1142
5.435832,1,1,1,1142
5.435832,2,2,1,1142
5.444456,1,1,3,544
5.445000,3,3,1,544
5.445000,2,2,1,544
5.447581,2,2,3,1265
5.448846,1,1,1,1265
5.448846,3,3,1,1265
5.451055,1,1,3,1321
5.452376,3,3,1,1321
5.452376,2,2,1,1321
5.491117,3,3,3,999
5.492116,1,1,1,999
5.492116,2,2,1,999
5.503776,3,3,3,600
5.504376,1,1,1,600
5.504376,2,2,1,600
5.511132,1,1,3,92
5.511224,3,3,1,92
5.511224,2,2,1,92
5.526999,3,3,3,340
5.527339,1,1,1,340
5.527339,2,2,1,340
5.542823,3,3,3,315
5.543138,1,1,1,315
5.543138,2,2,1,315
5.568649,2,2,3,812
5.569461,1,1,1,812
5.569461,3,3,1,812
5.585058,2,2,3,1444
5.586502,1,1,1,1444
5.586502,3,3,1,1444
5.590309,3,3,3,244
5.590553,1,1,1,244
5.590553,2,2,1,244
5.642381,3,3,3,1003
5.643384,1,1,1,1003
5.643384,2,2,1,1003
5.806709,1,1,3,739
5.807448,3,3,1,739
5.807448,2,2,1,739
5.852474,3,3,3,492
5.852966,1,1,1,492
5.852966,2,2,1,492
5.921477,3,3,3,744
5.922221,1,1,1,744
5.922221,2,2,1,744
5.992449,2,2,3,320
5.992769,1,1,1,320
5.992769,3,3,1,320
6.032364,3,3,3,344
6.032708,1,1,1,344
6.032708,2,2,1,344
6.055657,1,1,3,1407
6.057064,3,3,1,1407
6.057064,2,2,1,1407
6.073949,3,3,3,1200
6.075149,1,1,1,1200
6.075149,2,2,1,1200
6.077560,3,3,3,244
6.077804,1,1,1,244
6.077804,2,2,1,244
6.086551,2,2,3,1152
6.087703,1,1,1,1152
6.087703,3,3,1,1152
6.107250,3,3,3,864
6.108114,1,1,1,864
6.108114,2,2,1,864
6.233882,3,3,3,1184
6.235066,1,1,1,1184
6.235066,2,2,1,1184
6.240748,3,3,3,153
6.240901,1,1,1,153
6.240901,2,2,1,153
6.271278,2,2,3,88
6.271366,1,1,1,88
6.271366,3,3,1,88
6.284928,1,1,3,90
6.285018,3,3,1,90
6.285018,2,2,1,90
6.286468,1,1,3,1237
6.287705,3,3,1,1237
6.287705,2,2,1,1237
6.296779,2,2,3,261
6.297040,1,1,1,261
6.297040,3,3,1,261
6.312892,2,2,3,969
6.313861,1,1,1,969
6.313861,3,3,1,969
6.326605,1,1,3,753
6.327358,3,3,1,753
6.327358,2,2,1,753
6.443924,3,3,3,749
6.444673,1,1,1,749
6.444673,2,2,1,749
6.529226,3,3,3,1001
6.530227,1,1,1,1001
6.530227,2,2,1,1001
6.557960,1,1,3,1114
6.559074,3,3,1,1114
6.559074,2,2,1,1114
6.658981,2,2,3,1099
6.660080,1,1,1,1099
6.660080,3,3,1,1099
6.692758,3,3,3,326
6.693084,1,1,1,326
6.693084,2,2,1,326
6.769419,3,3,3,887
6.770306,1,1,1,887
6.770306,2,2,1,887
6.895194,2,2,3,721
6.895915,1,1,1,721
6.895915,3,3,1,721
6.944115,3,3,3,587
6.944702,1,1,1,587
6.944702,2,2,1,587
7.023950,1,1,3,1248
7.025198,3,3,1,1248
7.025198,2,2,1,1248
7.032398,3,3,3,970
7.032422,3,3,3,292
7.033368,1,1,1,970
7.033368,2,2,1,970
7.033661,1,1,2,292
7.033661,2,2,2,292
7.051756,2,2,3,395
7.052151,1,1,1,395
7.052151,3,3,1,395
7.058543,2,2,3,1260
7.059803,1,1,1,1260
7.059803,3,3,1,1260
7.103117,3,3,3,464
7.103581,1,1,1,464
7.103581,2,2,1,464
7.155555,3,3,3,1189
7.156744,1,1,1,1189
7.156744,2,2,1,1189
7.161983,3,3,3,947
7.162930,1,1,1,947
7.162930,2,2,1,947
7.175601,3,3,3,442
7.176043,1,1,1,442
7.176043,2,2,1,442
7.183928,1,1,3,111
7.184039,3,3,1,111
7.184039,2,2,1,111
7.187587,1,1,3,629
7.188216,3,3,1,629
7.188216,2,2,1,629
7.255281,1,1,3,1265
7.256546,3,3,1,1265
7.256546,2,2,1,1265
7.344920,2,2,3,994
7.345914,1,1,1,994
7.345914,3,3,1,994
7.352762,3,3,3,1441
7.354203,1,1,1,1441
7.354203,2,2,1,1441
7.361334,2,2,3,906
7.362240,1,1,1,906
7.362240,3,3,1,906
7.381579,1,1,3,99
7.381678,3,3,1,99
7.381678,2,2,1,99
7.405719,3,3,3,248
7.405967,1,1,1,248
7.405967,2,2,1,248
7.409019,3,3,3,914
7.409933,1,1,1,914
7.409933,2,2,1,914
7.410221,2,2,3,182
7.410403,1,1,1,182
7.410403,3,3,1,182
7.445235,1,1,3,527
7.445762,3,3,1,527
7.445762,2,2,1,527
7.489882,2,2,3,1141
7.491023,1,1,1,1141
7.491023,3,3,1,1141
7.493590,1,1,3,1290
7.494880,3,3,1,1290
7.494880,2,2,1,1290
7.508436,3,3,3,699
7.509135,1,1,1,699
7.509135,2,2,1,699
7.557279,2,2,3,514
7.557793,1,1,1,514
7.557793,3,3,1,514
7.570555,2,2,3,1007
7.571562,1,1,1,1007
7.571562,3,3,1,1007
7.587782,1,1,3,1158
7.588940,3,3,1,1158
7.588940,2,2,1,1158
7.601377,1,1,3,1334
7.602711,3,3,1,1334
7.602711,2,2,1,1334
7.608488,3,3,3,1341
7.609829,1,1,1,1341
7.609829,2,2,1,1341
7.667851,2,2,3,1004
7.668855,1,1,1,1004
7.668855,3,3,1,1004
7.761991,1,1,3,773
7.762764,3,3,1,773
7.762764,2,2,1,773
7.814479,3,3,3,302
7.814781,1,1,1,302
7.814781,2,2,1,302
7.834056,2,2,3,667
7.834723,1,1,1,667
7.834723,3,3,1,667
7.915931,1,1,3,682
7.916613,3,3,1,682
7.916613,2,2,1,682
7.966857,3,3,3,140
7.966997,1,1,1,140
7.966997,2,2,1,140
7.971424,3,3,3,1366
7.972790,1,1,1,1366
7.972790,2,2,1,1366
7.975368,2,2,3,1319
7.976687,1,1,1,1319
7.976687,3,3,1,1319
8.038009,3,3,3,984
8.038993,1,1,1,984
8.038993,2,2,1,984
8.071786,1,1,3,340
8.072126,3,3,1,340
8.072126,2,2,1,340
8.081600,1,1,3,1202
8.082802,3,3,1,1202
8.082802,2,2,1,1202
8.122825,3,3,3,1145
8.123970,1,1,1,1145
8.123970,2,2,1,1145
8.242724,3,3,3,632
8.243356,1,1,1,632
8.243356,2,2,1,632
8.265017,2,2,3,194
8.265211,1,1,1,194
8.265211,3,3,1,194
8.279154,3,3,3,840
8.279994,1,1,1,840
8.279994,2,2,1,840
8.301217,1,1,3,1368
8.302585,3,3,1,1368
8.302585,2,2,1,1368
8.320524,2,2,3,174
8.320698,1,1,1,174
8.320698,3,3,1,174
8.354941,1,1,3,1081
8.356022,3,3,1,1081
8.356022,2,2,1,1081
8.358059,1,1,3,670
8.358729,3,3,1,670
8.358729,2,2,1,670
8.469166,2,2,3,75
8.469241,1,1,1,75
8.469241,3,3,1,75
8.474029,1,1,3,1406
8.475435,3,3,1,1406
8.475435,2,2,1,1406
8.535394,3,3,3,144
8.535538,1,1,1,144
8.535538,2,2,1,144
8.542686,3,3,3,545
8.543231,1,1,1,545
8.543231,2,2,1,545
8.545668,3,3,3,529
8.546197,1,1,1,529
8.546197,2,2,1,529
8.546669,3,3,3,1423
8.548092,1,1,1,1423
8.548092,2,2,1,1423
8.602238,1,1,3,133
8.602371,3,3,1,133
8.602371,2,2,1,133
8.717599,3,3,3,329
8.717928,1,1,1,329
8.717928,2,2,1,329
8.720846,2,2,3,994
8.721840,1,1,1,994
8.721840,3,3,1,994
8.740514,3,3,3,208
8.740722,1,1,1,208
8.740722,2,2,1,208
8.741235,3,3,3,559
8.741794,1,1,1,559
8.741794,2,2,1,559
8.743731,3,3,3,896
8.744627,1,1,1,896
8.744627,2,2,1,896
8.826138,1,1,3,299
8.826437,3,3,1,299
8.826437,2,2,1,299
8.838060,1,1,3,524
8.838584,3,3,1,524
8.838584,2,2,1,524
8.939755,3,3,3,218
8.939973,1,1,1,218
8.939973,2,2,1,218
8.999332,2,2,3,549
8.999881,1,1,1,549
8.999881,3,3,1,549
9.063458,2,2,3,450
9.063908,1,1,1,450
9.063908,3,3,1,450
9.157898,1,1,3,1400
9.159298,3,3,1,1400
9.159298,2,2,1,1400
9.258935,1,1,3,295
9.259230,3,3,1,295
9.259230,2,2,1,295
9.279433,3,3,3,178
9.279611,1,1,1,178
9.279611,2,2,1,178
9.340121,2,2,3,255
9.340376,1,1,1,255
9.340376,3,3,1,255
9.366386,3,3,3,1382
9.367768,1,1,1,1382
9.367768,2,2,1,1382
9.529549,3,3,3,483
9.530032,1,1,1,483
9.530032,2,2,1,483
9.557367,3,3,3,1110
9.558477,1,1,1,1110
9.558477,2,2,1,1110
9.568082,2,2,3,631
9.568713,1,1,1,631
9.568713,3,3,1,631
9.572818,2,2,3,221
9.573039,1,1,1,221
9.573039,3,3,1,221
9.574894,2,2,3,143
9.575037,1,1,1,143
9.575037,3,3,1,143
9.582497,2,2,3,632
9.583129,1,1,1,632
9.583129,3,3,1,632
9.591766,3,3,3,1090
9.592856,1,1,1,1090
9.592856,2,2,1,1090
9.607114,3,3,3,635
9.607749,1,1,1,635
9.607749,2,2,1,635
9.662521,2,2,3,153
9.662674,1,1,1,153
9.662674,3,3,1,153
9.708440,3,3,3,559
9.708999,1,1,1,559
9.708999,2,2,1,559
9.721365,2,2,3,115
9.721480,1,1,1,115
9.721480,3,3,1,115
9.754433,1,1,3,628
9.755061,3,3,1,628
9.755061,2,2,1,628
9.773896,2,2,3,490
9.774386,1,1,1,490
9.774386,3,3,1,490
9.796710,2,2,3,451
9.797161,1,1,1,451
9.797161,3,3,1,451
9.860366,2,2,3,1389
9.861755,1,1,1,1389
9.861755,3,3,1,1389
9.884694,1,1,3,428
9.885122,3,3,1,428
9.885122,2,2,1,428
9.966380,1,1,3,1015
9.967395,3,3,1,1015
9.967395,2,2,1,1015
10.005899,3,3,3,669
10.006568,1,1,1,669
10.006568,2,2,1,669
10.019583,2,2,3,1128
10.020711,1,1,1,1128
10.020711,3,3,1,1128
10.056778,3,3,3,386
10.057164,1,1,1,386
10.057164,2,2,1,386
10.076097,2,2,3,1370
10.077467,1,1,1,1370
10.077467,3,3,1,1370
10.091478,2,2,3,692
10.092170,1,1,1,692
10.092170,3,3,1,692
10.117191,3,3,3,722
10.117913,1,1,1,722
10.117913,2,2,1,722
10.125176,1,1,3,35
10.125211,3,3,1,35
10.125211,2,2,1,35
10.139961,3,3,3,916
10.140742,3,3,3,458
10.140877,1,1,1,916
10.140877,2,2,1,916
10.141336,1,1,2,458
10.141336,2,2,1,458
10.192897,2,2,3,930
10.193827,1,1,1,930
10.193827,3,3,1,930
10.245237,1,1,3,255
10.245492,3,3,1,255
10.245492,2,2,1,255
10.271688,2,2,3,705
10.272393,1,1,1,705
10.272393,3,3,1,705
10.287117,3,3,3,1117
10.288234,1,1,1,1117
10.288234,2,2,1,1117
10.313561,3,3,3,1120
10.314681,1,1,1,1120
10.314681,2,2,1,1120
10.346424,3,3,3,1437
10.347861,1,1,1,1437
10.347861,2,2,1,1437
10.359302,3,3,3,1294
10.360596,1,1,1,1294
10.360596,2,2,1,1294
10.363441,3,3,3,398
10.363839,1,1,1,398
10.363839,2,2,1,398
10.367755,1,1,3,863
10.368618,3,3,1,863
10.368618,2,2,1,863
10.385064,2,2,3,178
10.385242,1,1,1,178
10.385242,3,3,1,178
10.414181,2,2,3,437
10.414618,1,1,1,437
10.414618,3,3,1,437
10.418212,1,1,3,1330
10.419542,3,3,1,1330
10.419542,2,2,1,1330
10.438117,3,3,3,83
10.438200,1,1,1,83
10.438200,2,2,1,83
10.508700,1,1,3,468
10.509168,3,3,1,468
10.509168,2,2,1,468
10.550235,1,1,3,789
10.551024,3,3,1,789
10.551024,2,2,1,789
10.554921,2,2,3,1346
10.556267,1,1,1,1346
10.556267,3,3,1,1346
10.572781,2,2,3,624
10.573405,1,1,1,624
10.573405,3,3,1,624
10.578876,1,1,3,774
10.579650,3,3,1,774
10.579650,2,2,1,774
10.595253,3,3,3,928
10.596181,1,1,1,928
10.596181,2,2,1,928
10.606986,2,2,3,619
10.607605,1,1,1,619
10.607605,3,3,1,619
10.664204,1,1,3,608
10.664812,3,3,1,608
10.664812,2,2,1,608
10.671048,3,3,3,1158
10.672206,1,1,1,1158
10.672206,2,2,1,1158
10.705615,3,3,3,563
10.706178,1,1,1,563
10.706178,2,2,1,563
10.707661,2,2,3,256
10.707917,1,1,1,256
10.707917,3,3,1,256
10.804719,3,3,3,577
10.805296,1,1,1,577
10.805296,2,2,1,577
10.814960,1,1,3,231
10.815191,3,3,1,231
10.815191,2,2,1,231
10.827074,2,2,3,538
10.827612,1,1,1,538
10.827612,3,3,1,538
10.891066,2,2,3,625
10.891691,1,1,1,625
10.891691,3,3,1,625
10.894139,3,3,3,1024
10.895163,1,1,1,1024
10.895163,2,2,1,1024
10.925299,1,1,3,963
10.926262,3,3,1,963
10.926262,2,2,1,963
10.931511,1,1,3,461
10.931972,3,3,1,461
10.931972,2,2,1,461
10.932446,3,3,3,107
10.932553,1,1,1,107
10.932553,2,2,1,107
10.955829,2,2,3,68
10.955897,1,1,1,68
10.955897,3,3,1,68
11.019606,2,2,3,1301
11.020622,2,2,3,784
11.020907,1,1,1,1301
11.020907,3,3,1,1301
11.021692,1,1,2,784
11.021692,3,3,2,784
11.027499,2,2,3,1270
11.028769,1,1,1,1270
11.028769,3,3,1,1270
11.029506,3,3,3,1092
11.030598,1,1,1,1092
11.030598,2,2,1,1092
11.068242,1,1,3,41
11.068283,3,3,1,41
11.068283,2,2,1,41
11.072447,1,1,3,919
11.073366,3,3,1,919
11.073366,2,2,1,919
11.140072,3,3,3,1279
11.141351,1,1,1,1279
11.141351,2,2,1,1279
11.143429,2,2,3,1070
11.144499,1,1,1,1070
11.144499,3,3,1,1070
11.169136,2,2,3,1105
11.170241,1,1,1,1105
11.170241,3,3,1,1105
11.203093,2,2,3,183
11.203276,1,1,1,183
11.203276,3,3,1,183
11.260364,3,3,3,504
11.260868,1,1,1,504
11.260868,2,2,1,504
11.264878,2,2,3,634
11.265512,1,1,1,634
11.265512,3,3,1,634
11.278787,3,3,3,654
11.279441,1,1,1,654
11.279441,2,2,1,654
11.338080,3,3,3,1044
11.339124,1,1,1,1044
11.339124,2,2,1,1044
11.412348,3,3,3,217
11.412565,1,1,1,217
11.412565,2,2,1,217
11.492376,2,2,3,666
11.493042,1,1,1,666
11.493042,3,3,1,666
11.648126,2,2,3,587
11.648713,1,1,1,587
11.648713,3,3,1,587
11.653579,3,3,3,588
11.654167,1,1,1,588
11.654167,2,2,1,588
11.678446,3,3,3,312
11.678758,1,1,1,312
11.678758,2,2,1,312
11.812553,2,2,3,870
11.813423,1,1,1,870
11.813423,3,3,1,870
11.817660,2,2,3,587
11.818247,1,1,1,587
11.818247,3,3,1,587
11.844321,2,2,3,153
11.844474,1,1,1,153
11.844474,3,3,1,153
11.864994,2,2,3,113
11.865107,1,1,1,113
11.865107,3,3,1,113
11.878781,1,1,3,280
11.879061,3,3,1,280
11.879061,2,2,1,280
11.959845,3,3,3,907
11.960752,1,1,1,907
11.960752,2,2,1,907
11.966625,2,2,3,763
11.967388,1,1,1,763
11.967388,3,3,1,763
11.973142,1,1,3,1285
11.974427,3,3,1,1285
11.974427,2,2,1,1285
12.000092,2,2,3,686
12.000778,1,1,1,686
12.000778,3,3,1,686
12.016694,1,1,3,769
12.017463,3,3,1,769
12.017463,2,2,1,769
12.081897,3,3,3,1395
12.083292,1,1,1,1395
12.083292,2,2,1,1395
12.100026,2,2,3,1366
12.101392,1,1,1,1366
12.101392,3,3,1,1366
12.187005,2,2,3,732
12.187737,1,1,1,732
12.187737,3,3,1,732
12.308784,2,2,3,340
12.309124,1,1,1,340
12.309124,3,3,1,340
12.330120,1,1,3,95
12.330215,3,3,1,95
12.330215,2,2,1,95
12.339691,2,2,3,38
12.339729,1,1,1,38
12.339729,3,3,1,38
12.347480,3,3,3,233
12.347713,1,1,1,233
12.347713,2,2,1,233
12.347896,1,1,3,1004
12.348900,3,3,1,1004
12.348900,2,2,1,1004
12.446005,2,2,3,598
12.446603,1,1,1,598
12.446603,3,3,1,598
12.501976,3,3,3,680
12.502656,1,1,1,680
12.502656,2,2,1,680
12.543453,3,3,3,178
12.543631,1,1,1,178
12.543631,2,2,1,178
12.700333,2,2,3,1167
12.700831,1,1,3,683
12.701500,1,1,1,1167
12.701500,3,3,1,1167
12.702184,3,3,1,683
12.702184,2,2,1,683
12.739331,2,2,3,73
12.739404,1,1,1,73
12.739404,3,3,1,73
12.740156,1,1,3,559
12.740715,3,3,1,559
12.740715,2,2,1,559
12.743867,2,2,3,781
12.744648,1,1,1,781
12.744648,3,3,1,781
12.757867,3,3,3,320
12.758187,1,1,1,320
12.758187,2,2,1,320
12.763677,1,1,3,1082
12.764666,2,2,3,1260
12.764759,3,3,1,1082
12.764759,2,2,1,1082
12.766020,1,1,1,1260
12.766020,3,3,1,1260
12.794055,2,2,3,523
12.794578,1,1,1,523
12.794578,3,3,1,523
12.801107,1,1,3,96
12.801203,3,3,1,96
12.801203,2,2,1,96
12.869545,3,3,3,135
12.869680,1,1,1,135
12.869680,2,2,1,135
12.918701,2,2,3,1067
12.919768,1,1,1,1067
12.919768,3,3,1,1067
12.923565,2,2,3,1187
12.924752,1,1,1,1187
12.924752,3,3,1,1187
12.931337,3,3,3,690
12.932027,1,1,1,690
12.932027,2,2,1,690
12.943907,3,3,3,148
12.944055,1,1,1,148
12.944055,2,2,1,148
12.954302,3,3,3,1125
12.955427,1,1,1,1125
12.955427,2,2,1,1125
13.007748,3,3,3,1345
13.009093,1,1,1,1345
13.009093,2,2,1,1345
13.065844,3,3,3,142
13.065986,1,1,1,142
13.065986,2,2,1,142
13.073195,1,1,3,1110
13.074305,3,3,1,1110
13.074305,2,2,1,1110
13.121520,3,3,3,88
13.121608,1,1,1,88
13.121608,2,2,1,88
13.141412,3,3,3,732
13.142144,1,1,1,732
13.142144,2,2,1,732
13.155119,3,3,3,1276
13.156395,1,1,1,1276
13.156395,2,2,1,1276
13.250003,1,1,3,488
13.250491,3,3,1,488
13.250491,2,2,1,488
13.307068,1,1,3,827
13.307895,3,3,1,827
13.307895,2,2,1,827
13.309381,2,2,3,805
13.310186,1,1,1,805
13.310186,3,3,1,805
13.331844,2,2,3,456
13.332300,1,1,1,456
13.332300,3,3,1,456
13.340686,1,1,3,895
13.341581,3,3,1,895
13.341581,2,2,1,895
13.390145,2,2,3,405
13.390550,1,1,1,405
13.390550,3,3,1,405
13.416514,2,2,3,202
13.416716,1,1,1,202
13.416716,3,3,1,202
13.417509,1,1,3,173
13.417682,3,3,1,173
13.417682,2,2,1,173
13.427629,3,3,3,387
13.428016,1,1,1,387
13.428016,2,2,1,387
13.461115,3,3,3,1083
13.462198,1,1,1,1083
13.462198,2,2,1,1083
13.549516,1,1,3,1091
13.550607,3,3,1,1091
13.550607,2,2,1,1091
13.568884,3,3,3,1259
13.569527,2,2,3,953
13.570143,1,1,1,1259
13.570143,2,2,1,1259
13.571097,1,1,1,953
13.571097,3,3,1,953
13.581872,3,3,3,1085
13.582111,2,2,3,996
13.582957,1,1,1,1085
13.582957,2,2,1,1085
13.583954,1,1,1,996
13.583954,3,3,1,996
13.621935,1,1,3,975
13.622910,3,3,1,975
13.622910,2,2,1,975
13.626329,3,3,3,1220
13.627549,1,1,1,1220
13.627549,2,2,1,1220
13.646981,1,1,3,772
13.647753,3,3,1,772
13.647753,2,2,1,772
13.653791,3,3,3,366
13.654157,1,1,1,366
13.654157,2,2,1,366
13.703677,2,2,3,442
13.704119,1,1,1,442
13.704119,3,3,1,442
13.722476,2,2,3,1188
13.723664,1,1,1,1188
13.723664,3,3,1,1188
13.752815,3,3,3,500
13.753315,1,1,1,500
13.753315,2,2,1,500
13.759265,1,1,3,68
13.759333,3,3,1,68
13.759333,2,2,1,68
13.773171,1,1,3,597
13.773768,3,3,1,597
13.773768,2,2,1,597
13.803023,2,2,3,761
13.803784,1,1,1,761
13.803784,3,3,1,761
13.810977,2,2,3,1124
13.812101,1,1,1,1124
13.812101,3,3,1,1124
13.840866,3,3,3,1138
13.842004,1,1,1,1138
13.842004,2,2,1,1138
13.925147,3,3,3,1025
13.926172,1,1,1,1025
13.926172,2,2,1,1025
13.949158,3,3,3,1078
13.950236,1,1,1,1078
13.950236,2,2,1,1078
13.963048,2,2,3,1117
13.964165,1,1,1,1117
13.964165,3,3,1,1117
14.006661,2,2,3,876
14.007537,1,1,1,876
14.007537,3,3,1,876
14.105813,2,2,3,1318
14.107131,1,1,1,1318
14.107131,3,3,1,1318
14.117244,2,2,3,1223
14.118467,1,1,1,1223
14.118467,3,3,1,1223
14.118534,3,3,3,544
14.119078,1,1,1,544
14.119078,2,2,1,544
14.145132,1,1,3,50
14.145182,3,3,1,50
14.145182,2,2,1,50
14.169988,1,1,3,964
14.170952,3,3,1,964
14.170952,2,2,1,964
14.179342,3,3,3,738
14.180080,1,1,1,738
14.180080,2,2,1,738
14.191990,2,2,3,719
14.192709,1,1,1,719
14.192709,3,3,1,719
14.229670,2,2,3,1243
14.230913,1,1,1,1243
14.230913,3,3,1,1243
14.259667,2,2,3,895
14.260562,1,1,1,895
14.260562,3,3,1,895
14.278119,1,1,3,1205
14.279324,3,3,1,1205
14.279324,2,2,1,1205
14.381210,2,2,3,580
14.381790,1,1,1,580
14.381790,3,3,1,580
14.387311,2,2,3,87
14.387398,1,1,1,87
14.387398,3,3,1,87
14.432002,1,1,3,1405
14.433407,3,3,1,1405
14.433407,2,2,1,1405
14.474035,1,1,3,662
14.474697,3,3,1,662
14.474697,2,2,1,662
14.485798,3,3,3,971
14.486769,1,1,1,971
14.486769,2,2,1,971
14.515923,3,3,3,991
14.516914,1,1,1,991
14.516914,2,2,1,991
14.516942,2,2,3,541
14.517483,1,1,1,541
14.517483,3,3,1,541
14.552293,3,3,3,1078
14.553371,1,1,1,1078
14.553372,2,2,1,1078
14.568689,3,3,3,63
14.568752,1,1,1,63
14.568752,2,2,1,63
14.594489,2,2,3,67
14.594556,1,1,1,67
14.594556,3,3,1,67
14.599089,2,2,3,354
14.599443,1,1,1,354
14.599443,3,3,1,354
14.603424,1,1,3,127
14.603551,3,3,1,127
14.603551,2,2,1,127
14.609867,1,1,3,1420
14.611287,3,3,1,1420
14.611287,2,2,1,1420
14.664799,1,1,3,1306
14.666105,3,3,1,1306
14.666105,2,2,1,1306
14.667529,3,3,3,653
14.668182,1,1,1,653
14.668182,2,2,1,653
14.689200,1,1,3,285
14.689485,3,3,1,285
14.689485,2,2,1,285
14.705185,2,2,3,1441
14.706626,1,1,1,1441
14.706626,3,3,1,1441
14.711851,3,3,3,578
14.712429,1,1,1,578
14.712429,2,2,1,578
14.729071,1,1,3,409
14.729480,3,3,1,409
14.729480,2,2,1,409
14.764493,3,3,3,1082
14.765575,1,1,1,1082
14.765575,2,2,1,1082
14.804858,1,1,3,693
14.805551,3,3,1,693
14.805551,2,2,1,693
14.809142,1,1,3,1348
14.810490,3,3,1,1348
14.810490,2,2,1,1348
14.842744,2,2,3,589
14.843056,2,2,3,229
14.843333,1,1,1,589
14.843333,3,3,1,589
14.843563,1,1,2,229
14.843563,3,3,2,229
14.861725,1,1,3,766
14.862491,3,3,1,766
14.862491,2,2,1,766
14.880536,3,3,3,244
14.880780,1,1,1,244
14.880780,2,2,1,244
14.920591,3,3,3,1232
14.921823,1,1,1,1232
14.921823,2,2,1,1232
14.993564,1,1,3,384
14.993948,3,3,1,384
14.993948,2,2,1,384
14.995786,1,1,3,1184
14.996970,3,3,1,1184
14.996970,2,2,1,1184
15.014280,1,1,3,1157
15.015437,3,3,1,1157
15.015437,2,2,1,1157
15.046200,2,2,3,272
15.046472,1,1,1,272
15.046472,3,3,1,272
15.054374,2,2,3,1357
15.055731,1,1,1,1357
15.055731,3,3,1,1357
15.092437,3,3,3,918
15.093355,1,1,1,918
15.093355,2,2,1,918
15.129374,1,1,3,246
15.129620,3,3,1,246
15.129620,2,2,1,246
15.145474,2,2,3,393
15.145867,1,1,1,393
15.145867,3,3,1,393
15.153596,3,3,3,1078
15.154674,1,1,1,1078
15.154674,2,2,1,1078
15.156361,3,3,3,1364
15.157725,1,1,1,1364
15.157725,2,2,1,1364
15.160060,3,3,3,160
15.160220,1,1,1,160
15.160220,2,2,1,160
15.194695,3,3,3,247
15.194942,1,1,1,247
15.194942,2,2,1,247
15.221496,1,1,3,540
15.221633,3,3,3,610
15.222036,3,3,1,540
15.222036,2,2,1,540
15.222647,1,1,1,610
15.222647,2,2,1,610
15.253082,3,3,3,735
15.253817,1,1,1,735
15.253817,2,2,1,735
15.302937,3,3,3,476
15.303413,1,1,1,476
15.303413,2,2,1,476
15.309409,2,2,3,818
15.310227,1,1,1,818
15.310227,3,3,1,818
15.354488,1,1,3,1136
15.355624,3,3,1,1136
15.355624,2,2,1,1136
15.439001,1,1,3,407
15.439408,3,3,1,407
15.439408,2,2,1,407
15.533739,3,3,3,683
15.534422,1,1,1,683
15.534422,2,2,1,683
15.555106,1,1,3,609
15.555715,3,3,1,609
15.555715,2,2,1,609
15.623625,1,1,3,62
15.623687,3,3,1,62
15.623687,2,2,1,62
15.661533,3,3,3,81
15.661614,1,1,1,81
15.661614,2,2,1,81
15.688069,2,2,3,863
15.688932,1,1,1,863
15.688932,3,3,1,863
15.758316,1,1,3,446
15.758762,3,3,1,446
15.758762,2,2,1,446
15.775703,3,3,3,328
15.776031,1,1,1,328
15.776031,2,2,1,328
15.837643,2,2,3,518
15.838161,1,1,1,518
15.838161,3,3,1,518
15.851050,3,3,3,1420
15.852470,1,1,1,1420
15.852470,2,2,1,1420
15.874188,1,1,3,840
15.874492,3,3,3,1415
15.875028,3,3,1,840
15.875028,2,2,1,840
15.876444,1,1,1,1415
15.876444,2,2,1,1415
15.914153,1,1,3,869
15.915022,3,3,1,869
15.915022,2,2,1,869
16.041479,1,1,3,1005
16.042484,3,3,1,1005
16.042484,2,2,1,1005
16.085075,1,1,3,1341
16.086416,3,3,1,1341
16.086416,2,2,1,1341
16.132889,3,3,3,504
16.133393,1,1,1,504
16.133393,2,2,1,504
16.221403,2,2,3,45
16.221448,1,1,1,45
16.221448,3,3,1,45
16.270482,3,3,3,839
16.271321,1,1,1,839
16.271321,2,2,1,839
16.314789,1,1,3,551
16.315340,3,3,1,551
16.315340,2,2,1,551
16.390880,2,2,3,493
16.391373,1,1,1,493
16.391373,3,3,1,493
16.413062,1,1,3,890
16.413952,3,3,1,890
16.413952,2,2,1,890
16.543567,2,2,3,33
16.543600,1,1,1,33
16.543600,3,3,1,33
16.558737,2,2,3,94
16.558831,1,1,1,94
16.558831,3,3,1,94
16.572187,2,2,3,1359
16.573546,1,1,1,1359
16.573546,3,3,1,1359
16.574778,3,3,3,718
16.575496,1,1,1,718
16.575496,2,2,1,718
16.851033,1,1,3,1201
16.852234,3,3,1,1201
16.852234,2,2,1,1201
16.867940,3,3,3,1099
16.869015,2,2,3,816
16.869039,1,1,1,1099
16.869039,2,2,1,1099
16.869856,1,1,1,816
16.869856,3,3,1,816
16.888723,3,3,3,1388
16.890111,1,1,1,1388
16.890111,2,2,1,1388
16.907819,3,3,3,275
16.908094,1,1,1,275
16.908094,2,2,1,275
16.924159,2,2,3,257
16.924416,1,1,1,257
16.924416,3,3,1,257
16.935818,2,2,3,752
16.936571,1,1,1,752
16.936571,3,3,1,752
17.001820,1,1,3,896
17.002716,3,3,1,896
17.002716,2,2,1,896
17.015366,3,3,3,412
17.015778,1,1,1,412
17.015778,2,2,1,412
17.048908,3,3,3,644
17.049552,1,1,1,644
17.049552,2,2,1,644
17.095107,2,2,3,1057
17.096164,1,1,1,1057
17.096164,3,3,1,1057
17.142369,1,1,3,800
17.143169,3,3,1,800
17.143169,2,2,1,800
17.223238,1,1,3,1446
17.224684,3,3,1,1446
17.224684,2,2,1,1446
17.244309,1,1,3,1150
17.245459,3,3,1,1150
17.245459,2,2,1,1150
17.387455,2,2,3,1238
17.388693,1,1,1,1238
17.388693,3,3,1,1238
17.401097,1,1,3,254
17.401351,3,3,1,254
17.401351,2,2,1,254
17.509310,1,1,3,1351
17.510661,3,3,1,1351
17.510661,2,2,1,1351
17.518285,3,3,3,547
17.518832,1,1,1,547
17.518832,2,2,1,547
17.526106,2,2,3,834
17.526940,1,1,1,834
17.526940,3,3,1,834
17.579147,2,2,3,909
17.580056,1,1,1,909
17.580056,3,3,1,909
17.592158,1,1,3,358
17.592516,3,3,1,358
17.592516,2,2,1,358
17.593739,1,1,3,788
17.594527,3,3,1,788
17.594527,2,2,1,788
17.742174,2,2,3,1003
17.743177,1,1,1,1003
17.743177,3,3,1,1003
17.816903,3,3,3,929
17.817832,1,1,1,929
17.817832,2,2,1,929
17.841845,2,2,3,1076
17.842921,1,1,1,1076
17.842921,3,3,1,1076
17.870506,2,2,3,1305
17.871811,1,1,1,1305
17.871811,3,3,1,1305
17.877369,1,1,3,1381
17.878750,3,3,1,1381
17.878750,2,2,1,1381
17.885617,3,3,3,143
17.885760,1,1,1,143
17.885760,2,2,1,143
17.902592,2,2,3,1094
17.903686,1,1,1,1094
17.903686,3,3,1,1094
17.945071,3,3,3,759
17.945830,1,1,1,759
17.945830,2,2,1,759
17.962313,2,2,3,1039
17.963352,1,1,1,1039
17.963352,3,3,1,1039
18.109486,3,3,3,267
18.109753,1,1,1,267
18.109753,2,2,1,267
18.138411,1,1,3,1357
18.139768,3,3,1,1357
18.139768,2,2,1,1357
18.239128,1,1,3,1375
18.240503,3,3,1,1375
18.240503,2,2,1,1375
18.268255,1,1,3,1291
18.269546,3,3,1,1291
18.269546,2,2,1,1291
18.279331,2,2,3,903
18.280234,1,1,1,903
18.280234,3,3,1,903
18.288832,2,2,3,75
18.288907,1,1,1,75
18.288907,3,3,1,75
18.289935,2,2,3,390
18.290325,1,1,1,390
18.290325,3,3,1,390
18.366610,3,3,3,584
18.367194,1,1,1,584
18.367194,2,2,1,584
18.416747,1,1,3,925
18.417672,3,3,1,925
18.417672,2,2,1,925
18.433631,2,2,3,1289
18.434920,1,1,1,1289
18.434920,3,3,1,1289
18.437549,2,2,3,696
18.438245,1,1,1,696
18.438245,3,3,1,696
18.466056,1,1,3,213
18.466269,3,3,1,213
18.466269,2,2,1,213
18.515974,3,3,3,501
18.516475,1,1,1,501
18.516475,2,2,1,501
18.518434,3,3,3,708
18.519142,1,1,1,708
18.519142,2,2,1,708
18.590012,1,1,3,91
18.590103,3,3,1,91
18.590103,2,2,1,91
18.592185,3,3,3,528
18.592635,3,3,3,304
18.592713,1,1,1,528
18.592713,2,2,1,528
18.593018,1,1,1,304
18.593018,2,2,1,304
18.604379,3,3,3,804
18.605183,1,1,1,804
18.605183,2,2,1,804
18.608787,3,3,3,1357
18.610144,1,1,1,1357
18.610144,2,2,1,1357
18.614658,2,2,3,1382
18.616040,1,1,1,1382
18.616040,3,3,1,1382
18.652462,2,2,3,1325
18.653787,1,1,1,1325
18.653787,3,3,1,1325
18.673464,1,1,3,1124
18.674588,3,3,1,1124
18.674588,2,2,1,1124
18.705634,1,1,3,990
18.706624,3,3,1,990
18.706624,2,2,1,990
18.795260,3,3,3,609
18.795869,1,1,1,609
18.795869,2,2,1,609
18.796184,1,1,3,117
18.796301,3,3,1,117
18.796301,2,2,1,117
18.809581,1,1,3,223
18.809804,3,3,1,223
18.809804,2,2,1,223
18.831803,3,3,3,949
18.832752,1,1,1,949
18.832752,2,2,1,949
18.875146,1,1,3,99
18.875245,3,3,1,99
18.875245,2,2,1,99
18.976224,3,3,3,94
18.976318,1,1,1,94
18.976318,2,2,1,94
19.048737,1,1,3,1095
19.049832,3,3,1,1095
19.049832,2,2,1,1095
19.057180,3,3,3,1388
19.058568,1,1,1,1388
19.058568,2,2,1,1388
19.067951,2,2,3,869
19.068820,1,1,1,869
19.068820,3,3,1,869
19.076594,2,2,3,831
19.077425,1,1,1,831
19.077425,3,3,1,831
19.099446,3,3,3,320
19.099766,1,1,1,320
19.099766,2,2,1,320
19.129687,3,3,3,1032
19.130719,1,1,1,1032
19.130719,2,2,1,1032
19.148493,1,1,3,402
19.148895,3,3,1,402
19.148895,2,2,1,402
19.158974,3,3,3,1458
19.160432,1,1,1,1458
19.160432,2,2,1,1458
19.175840,3,3,3,1317
19.177157,1,1,1,1317
19.177157,2,2,1,1317
19.244418,2,2,3,87
19.244505,1,1,1,87
19.244505,3,3,1,87
19.256298,3,3,3,948
19.257246,1,1,1,948
19.257246,2,2,1,948
19.259736,3,3,3,1114
19.260850,1,1,1,1114
19.260850,2,2,1,1114
19.332487,2,2,3,134
19.332621,1,1,1,134
19.332621,3,3,1,134
19.422625,1,1,3,684
19.423309,3,3,1,684
19.423309,2,2,1,684
19.430001,3,3,3,687
19.430688,1,1,1,687
19.430688,2,2,1,687
19.437013,2,2,3,508
19.437521,1,1,1,508
19.437521,3,3,1,508
19.447364,3,3,3,712
19.448076,1,1,1,712
19.448076,2,2,1,712
19.449901,1,1,3,808
19.450709,3,3,1,808
19.450709,2,2,1,808
19.528539,3,3,3,522
19.529061,1,1,1,522
19.529061,2,2,1,522
19.543494,2,2,3,146
19.543640,1,1,1,146
19.543640,3,3,1,146
19.599309,2,2,3,535
19.599844,1,1,1,535
19.599844,3,3,1,535
19.621711,1,1,3,1222
19.622933,3,3,1,1222
19.622933,2,2,1,1222
19.659381,2,2,3,1442
19.660823,1,1,1,1442
19.660823,3,3,1,1442
19.693537,1,1,3,202
19.693739,3,3,1,202
19.693739,2,2,1,202
19.696183,3,3,3,64
19.696247,1,1,1,64
19.696247,2,2,1,64
19.731647,1,1,3,59
19.731706,3,3,1,59
19.731706,2,2,1,59
19.828517,3,3,3,308
19.828825,1,1,1,308
19.828825,2,2,1,308
19.857041,2,2,3,121
19.857162,1,1,1,121
19.857162,3,3,1,121
19.881932,3,3,3,588
19.882520,1,1,1,588
19.882520,2,2,1,588
19.887297,3,3,3,1128
19.888425,1,1,1,1128
19.888425,2,2,1,1128
19.894329,2,2,3,543
19.894872,1,1,1,543
19.894872,3,3,1,543
19.948749,1,1,3,143
19.948892,3,3,1,143
19.948892,2,2,1,143
19.954301,1,1,3,539
19.954840,3,3,1,539
19.954840,2,2,1,539
20.011551,3,3,3,1112
20.012663,1,1,1,1112
20.012663,2,2,1,1112
20.074627,2,2,3,836
20.075463,1,1,1,836
20.075463,3,3,1,836
20.123122,3,3,3,621
20.123743,1,1,1,621
20.123743,2,2,1,621
20.126239,3,3,3,1178
20.127417,1,1,1,1178
20.127417,2,2,1,1178
20.147372,3,3,3,586
20.147958,1,1,1,586
20.147958,2,2,1,586
20.186418,1,1,3,208
20.186626,3,3,1,208
20.186626,2,2,1,208
20.191627,3,3,3,285
20.191912,1,1,1,285
20.191912,2,2,1,285
20.229617,1,1,3,965
20.230582,3,3,1,965
20.230582,2,2,1,965
20.230991,1,1,3,684
20.231675,3,3,1,684
20.231675,2,2,1,684
20.237472,2,2,3,1277
20.238749,1,1,1,1277
20.238749,3,3,1,1277
20.287342,3,3,3,147
20.287489,1,1,1,147
20.287489,2,2,1,147
20.292653,3,3,3,1263
20.293916,1,1,1,1263
20.293916,2,2,1,1263
20.305996,2,2,3,1258
20.307254,1,1,1,1258
20.307254,3,3,1,1258
20.311747,1,1,3,957
20.312704,3,3,1,957
20.312704,2,2,1,957
20.321808,1,1,3,1212
20.323020,3,3,1,1212
20.323020,2,2,1,1212
20.336410,2,2,3,1396
20.337806,1,1,1,1396
20.337806,3,3,1,1396
20.362396,1,1,3,79
20.362475,3,3,1,79
20.362475,2,2,1,79
20.400159,2,2,3,925
20.401084,1,1,1,925
20.401084,3,3,1,925
20.433998,2,2,3,85
20.434083,1,1,1,85
20.434083,3,3,1,85
20.449066,3,3,3,256
20.449322,1,1,1,256
20.449322,2,2,1,256
20.481268,2,2,3,242
20.481510,1,1,1,242
20.481510,3,3,1,242
20.500459,2,2,3,1347
20.501806,1,1,1,1347
20.501806,3,3,1,1347
20.528535,3,3,3,378
20.528913,1,1,1,378
20.528913,2,2,1,378
20.602147,1,1,3,924
20.602657,2,2,3,722
20.603071,3,3,1,924
20.603071,2,2,1,924
20.603794,1,1,1,722
20.603794,3,3,1,722
20.739646,3,3,3,1001
20.740647,1,1,1,1001
20.740647,2,2,1,1001
20.744164,3,3,3,375
20.744539,1,1,1,375
20.744539,2,2,1,375
20.777233,3,3,3,275
20.777508,1,1,1,275
20.777508,2,2,1,275
20.804439,3,3,3,355
20.804794,1,1,1,355
20.804794,2,2,1,355
20.821494,2,2,3,693
20.822187,1,1,1,693
20.822187,3,3,1,693
20.893285,1,1,3,229
20.893514,3,3,1,229
20.893514,2,2,1,229
20.976508,1,1,3,51
20.976559,3,3,1,51
20.976559,2,2,1,51
21.015094,3,3,3,40
21.015134,1,1,1,40
21.015134,2,2,1,40
21.030655,2,2,3,1177
21.031832,1,1,1,1177
21.031832,3,3,1,1177
21.064509,3,3,3,60
21.064569,1,1,1,60
21.064569,2,2,1,60
21.238284,3,3,3,760
21.239044,1,1,1,760
21.239044,2,2,1,760
21.242177,3,3,3,1142
21.242865,1,1,3,905
21.243319,1,1,1,1142
21.243319,2,2,1,1142
21.244225,3,3,1,905
21.244225,2,2,1,905
21.254045,3,3,3,994
21.255039,1,1,1,994
21.255039,2,2,1,994
21.301828,3,3,3,70
21.301898,1,1,1,70
21.301898,2,2,1,70
21.359145,3,3,3,1337
21.360482,1,1,1,1337
21.360482,2,2,1,1337
21.393519,1,1,3,386
21.393905,3,3,1,386
21.393905,2,2,1,386
21.399630,3,3,3,761
21.400391,1,1,1,761
21.400391,2,2,1,761
21.408350,1,1,3,136
21.408486,3,3,1,136
21.408486,2,2,1,136
21.460734,1,1,3,973
21.461707,3,3,1,973
21.461707,2,2,1,973
21.475847,3,3,3,648
21.476495,1,1,1,648
21.476495,2,2,1,648
21.533124,3,3,3,705
21.533829,1,1,1,705
21.533829,2,2,1,705
21.558617,3,3,3,596
21.559213,1,1,1,596
21.559213,2,2,1,596
21.662255,3,3,3,599
21.662854,1,1,1,599
21.662854,2,2,1,599
21.749334,3,3,3,1225
21.750559,1,1,1,1225
21.750559,2,2,1,1225
21.799023,1,1,3,1296
21.800319,3,3,1,1296
21.800319,2,2,1,1296
21.845512,1,1,3,63
21.845575,3,3,1,63
21.845575,2,2,1,63
21.934765,2,2,3,710
21.935475,1,1,1,710
21.935475,3,3,1,710
21.940085,1,1,3,90
21.940175,3,3,1,90
21.940175,2,2,1,90
21.961817,2,2,3,1172
21.962989,1,1,1,1172
21.962989,3,3,1,1172
21.978882,1,1,3,184
21.979066,3,3,1,184
21.979066,2,2,1,184
22.188961,1,1,3,102
22.189063,3,3,1,102
22.189063,2,2,1,102
22.294572,2,2,3,70
22.294642,1,1,1,70
22.294642,3,3,1,70
22.313954,1,1,3,1275
22.315229,3,3,1,1275
22.315229,2,2,1,1275
22.349226,2,2,3,1352
22.350578,1,1,1,1352
22.350578,3,3,1,1352
22.363894,1,1,3,895
22.364789,3,3,1,895
22.364789,2,2,1,895
22.369186,3,3,3,518
22.369704,1,1,1,518
22.369704,2,2,1,518
22.381494,1,1,3,875
22.382369,3,3,1,875
22.382369,2,2,1,875
22.422135,3,3,3,437
22.422572,1,1,1,437
22.422572,2,2,1,437
22.474121,2,2,3,1365
22.475486,1,1,1,1365
22.475486,3,3,1,1365
22.492165,3,3,3,930
22.493095,1,1,1,930
22.493095,2,2,1,930
22.516497,2,2,3,932
22.517429,1,1,1,932
22.517429,3,3,1,932
22.637465,3,3,3,311
22.637776,1,1,1,311
22.637776,2,2,1,311
22.656508,2,2,3,285
22.656793,1,1,1,285
22.656793,3,3,1,285
22.744139,2,2,3,455
22.744594,1,1,1,455
22.744594,3,3,1,455
22.844767,2,2,3,448
22.845215,1,1,1,448
22.845215,3,3,1,448
22.901192,2,2,3,1006
22.902198,1,1,1,1006
22.902198,3,3,1,1006
22.932535,2,2,3,1071
22.933606,1,1,1,1071
22.933606,3,3,1,1071
22.934599,1,1,3,221
22.934820,3,3,1,221
22.934820,2,2,1,221
22.952909,3,3,3,269
22.953178,1,1,1,269
22.953178,2,2,1,269
22.975134,2,2,3,601
22.975735,1,1,1,601
22.975735,3,3,1,601
22.983057,2,2,3,1047
22.984104,1,1,1,1047
22.984104,3,3,1,1047
23.009222,3,3,3,1143
23.010365,1,1,1,1143
23.010365,2,2,1,1143
23.029565,1,1,3,823
23.030388,3,3,1,823
23.030388,2,2,1,823
23.048106,1,1,3,328
23.048434,3,3,1,328
23.048434,2,2,1,328
23.074015,1,1,3,782
23.074797,3,3,1,782
23.074797,2,2,1,782
23.087949,3,3,3,542
23.088491,1,1,1,542
23.088491,2,2,1,542
23.097258,2,2,3,1083
23.098341,1,1,1,1083
23.098341,3,3,1,1083
23.223294,2,2,3,511
23.223805,1,1,1,511
23.223805,3,3,1,511
23.235904,2,2,3,1407
23.237311,1,1,1,1407
23.237311,3,3,1,1407
23.244931,1,1,3,616
23.245547,3,3,1,616
23.245547,2,2,1,616
23.301547,3,3,3,1316
23.302863,1,1,1,1316
23.302863,2,2,1,1316
23.343474,3,3,3,748
23.344222,1,1,1,748
23.344222,2,2,1,748
23.383790,3,3,3,1025
23.384815,1,1,1,1025
23.384815,2,2,1,1025
23.428738,2,2,3,1438
23.430176,1,1,1,1438
23.430176,3,3,1,1438
23.443868,1,1,3,468
23.444336,3,3,1,468
23.444336,2,2,1,468
23.564910,2,2,3,1449
23.566359,1,1,1,1449
23.566359,3,3,1,1449
23.607455,2,2,3,1387
23.608842,1,1,1,1387
23.608842,3,3,1,1387
23.627022,3,3,3,1409
23.628431,1,1,1,1409
23.628431,2,2,1,1409
23.656306,1,1,3,1193
23.657499,3,3,1,1193
23.657499,2,2,1,1193
23.679106,2,2,3,252
23.679358,1,1,1,252
23.679358,3,3,1,252
23.679599,2,2,3,882
23.680481,1,1,1,882
23.680481,3,3,1,882
23.771330,1,1,3,1368
23.772698,3,3,1,1368
23.772698,2,2,1,1368
23.801494,2,2,3,1027
23.802521,1,1,1,1027
23.802521,3,3,1,1027
23.844128,1,1,3,325
23.844453,3,3,1,325
23.844453,2,2,1,325
23.905724,2,2,3,1434
23.907158,1,1,1,1434
23.907158,3,3,1,1434
23.917510,2,2,3,1015
23.918525,1,1,1,1015
23.918525,3,3,1,1015
23.947495,1,1,3,569
23.948064,3,3,1,569
23.948064,2,2,1,569
24.012781,2,2,3,47
24.012828,1,1,1,47
24.012828,3,3,1,47
24.105167,1,1,3,1199
24.106366,3,3,1,1199
24.106366,2,2,1,1199
24.170695,1,1,3,186
24.170881,3,3,1,186
24.170881,2,2,1,186
24.175631,3,3,3,866
24.176497,1,1,1,866
24.176497,2,2,1,866
24.204918,3,3,3,727
24.205645,1,1,1,727
24.205645,2,2,1,727
24.230958,1,1,3,1350
24.232308,3,3,1,1350
24.232308,2,2,1,1350
24.235725,2,2,3,1213
24.236938,1,1,1,1213
24.236938,3,3,1,1213
24.243839,2,2,3,1255
24.245094,1,1,1,1255
24.245094,3,3,1,1255
24.313430,1,1,3,272
24.313702,3,3,1,272
24.313702,2,2,1,272
24.354408,3,3,3,1245
24.355653,1,1,1,1245
24.355653,2,2,1,1245
24.489159,1,1,3,770
24.489929,3,3,1,770
24.489929,2,2,1,770
24.497435,2,2,3,329
24.497764,1,1,1,329
24.497764,3,3,1,329
24.565323,3,3,3,610
24.565933,1,1,1,610
24.565933,2,2,1,610
24.567463,3,3,3,224
24.567687,1,1,1,224
24.567687,2,2,1,224
24.582873,1,1,3,1296
24.584169,3,3,1,1296
24.584169,2,2,1,1296
24.616601,3,3,3,1340
24.617941,1,1,1,1340
24.617941,2,2,1,1340
24.620581,2,2,3,156
24.620737,1,1,1,156
24.620737,3,3,1,156
24.666101,1,1,3,510
24.666611,3,3,1,510
24.666611,2,2,1,510
24.709306,2,2,3,682
24.709988,1,1,1,682
24.709988,3,3,1,682
24.736784,1,1,3,177
24.736961,3,3,1,177
24.736961,2,2,1,177
24.774688,2,2,3,732
24.775420,1,1,1,732
24.775420,3,3,1,732
24.878248,2,2,3,707
24.878955,1,1,1,707
24.878955,3,3,1,707
24.881792,3,3,3,805
24.882597,1,1,1,805
24.882597,2,2,1,805
24.898218,2,2,3,1249
24.899173,3,3,3,237
24.899467,1,1,1,1249
24.899467,3,3,1,1249
24.899705,1,1,1,237
24.899705,2,2,1,237
24.906305,3,3,3,130
24.906435,1,1,1,130
24.906435,2,2,1,130
24.915856,1,1,3,1393
24.917249,3,3,1,1393
24.917249,2,2,1,1393
24.956268,3,3,3,411
24.956679,1,1,1,411
24.956679,2,2,1,411
24.982359,3,3,3,190
24.982549,1,1,1,190
24.982549,2,2,1,190
24.997081,1,1,3,1191
24.997566,3,3,3,1266
24.998272,3,3,1,1191
24.998272,2,2,1,1191
24.999539,1,1,1,1266
24.999539,2,2,1,1266
25.012004,1,1,3,227
25.012231,3,3,1,227
25.012231,2,2,1,227
25.076361,2,2,3,42
25.076403,1,1,1,42
25.076403,3,3,1,42
25.093813,1,1,3,829
25.094642,3,3,1,829
25.094642,2,2,1,829
25.170726,3,3,3,732
25.171458,1,1,1,732
25.171458,2,2,1,732
25.234602,1,1,3,1362
25.235964,3,3,1,1362
25.235964,2,2,1,1362
25.274438,2,2,3,1281
25.275719,1,1,1,1281
25.275719,3,3,1,1281
25.287980,3,3,3,171
25.288151,1,1,1,171
25.288151,2,2,1,171
25.288496,3,3,3,356
25.288852,1,1,1,356
25.288852,2,2,1,356
25.316452,2,2,3,477
25.316596,1,1,3,740
25.316929,1,1,1,477
25.316929,3,3,1,477
25.317670,3,3,1,740
25.317670,2,2,1,740
25.341891,2,2,3,759
25.342650,1,1,1,759
25.342650,3,3,1,759
25.383575,2,2,3,143
25.383718,1,1,1,143
25.383718,3,3,1,143
25.468828,2,2,3,355
25.469183,1,1,1,355
25.469183,3,3,1,355
25.470875,3,3,3,576
25.471451,1,1,1,576
25.471451,2,2,1,576
25.514636,2,2,3,363
25.514999,1,1,1,363
25.514999,3,3,1,363
25.610162,1,1,3,1092
25.611254,3,3,1,1092
25.611254,2,2,1,1092
25.612833,3,3,3,1289
25.614122,1,1,1,1289
25.614122,2,2,1,1289
25.657331,3,3,3,581
25.657912,1,1,1,581
25.657912,2,2,1,581
25.671185,3,3,3,1144
25.672329,1,1,1,1144
25.672329,2,2,1,1144
25.675770,1,1,3,746
25.676516,3,3,1,746
25.676516,2,2,1,746
25.722467,3,3,3,969
25.723436,1,1,1,969
25.723436,2,2,1,969
25.739441,1,1,3,1340
25.740781,3,3,1,1340
25.740781,2,2,1,1340
25.769297,3,3,3,545
25.769842,1,1,1,545
25.769842,2,2,1,545
25.789355,2,2,3,1126
25.790481,1,1,1,1126
25.790481,3,3,1,1126
25.795991,1,1,3,1269
25.797260,3,3,1,1269
25.797260,2,2,1,1269
25.820526,3,3,3,448
25.820974,1,1,1,448
25.820974,2,2,1,448
25.861331,1,1,3,523
25.861854,3,3,1,523
25.861854,2,2,1,523
25.879583,3,3,3,299
25.879882,1,1,1,299
25.879882,2,2,1,299
25.889240,1,1,3,745
25.889985,3,3,1,745
25.889985,2,2,1,745
25.900891,1,1,3,580
25.901471,3,3,1,580
25.901471,2,2,1,580
25.950110,1,1,3,765
25.950875,3,3,1,765
25.950876,2,2,1,765
26.191658,3,3,3,1427
26.193085,1,1,1,1427
26.193085,2,2,1,1427
26.275104,3,3,3,915
26.276019,1,1,1,915
26.276019,2,2,1,915
26.286351,2,2,3,749
26.287100,1,1,1,749
26.287100,3,3,1,749
26.341520,1,1,3,481
26.342001,3,3,1,481
26.342001,2,2,1,481
26.353036,2,2,3,163
26.353199,1,1,1,163
26.353199,3,3,1,163
26.387691,3,3,3,1304
26.388995,1,1,1,1304
26.388995,2,2,1,1304
26.391184,2,2,3,1414
26.392598,1,1,1,1414
26.392598,3,3,1,1414
26.413488,3,3,3,854
26.414342,1,1,1,854
26.414342,2,2,1,854
26.417615,3,3,3,165
26.417780,1,1,1,165
26.417780,2,2,1,165
26.439967,3,3,3,499
26.440466,1,1,1,499
26.440466,2,2,1,499
26.451970,3,3,3,1170
26.453140,1,1,1,1170
26.453140,2,2,1,1170
26.456696,1,1,3,366
26.457062,3,3,1,366
26.457062,2,2,1,366
26.461164,1,1,3,578
26.461616,1,1,3,198
26.461742,3,3,1,578
26.461742,2,2,1,578
26.461941,3,3,1,198
26.461941,2,2,2,198
26.497250,3,3,3,1367
26.498617,1,1,1,1367
26.498617,2,2,1,1367
26.519486,3,3,3,1090
26.520576,1,1,1,1090
26.520576,2,2,1,1090
26.541514,3,3,3,34
26.541548,1,1,1,34
26.541548,2,2,1,34
26.554413,1,1,3,1240
26.555653,3,3,1,1240
26.555653,2,2,1,1240
26.561324,1,1,3,285
26.561609,3,3,1,285
26.561609,2,2,1,285
26.588021,1,1,3,1358
26.589379,3,3,1,1358
26.589379,2,2,1,1358
26.636136,1,1,3,1185
26.637321,3,3,1,1185
26.637321,2,2,1,1185
26.693373,1,1,3,576
26.693949,3,3,1,576
26.693949,2,2,1,576
26.768369,3,3,3,911
26.769280,1,1,1,911
26.769280,2,2,1,911
26.799746,3,3,3,864
26.800610,1,1,1,864
26.800610,2,2,1,864
26.805767,2,2,3,1213
26.806980,1,1,1,1213
26.806980,3,3,1,1213
26.838338,1,1,3,947
26.839285,3,3,1,947
26.839285,2,2,1,947
26.918832,2,2,3,163
26.918995,1,1,1,163
26.918995,3,3,1,163
26.921436,3,3,3,1053
26.922489,1,1,1,1053
26.922489,2,2,1,1053
26.928948,1,1,3,1021
26.929969,3,3,1,1021
26.929969,2,2,1,1021
26.953301,3,3,3,973
26.954274,1,1,1,973
26.954274,2,2,1,973
27.000929,3,3,3,850
27.001779,1,1,1,850
27.001779,2,2,1,850
27.025922,1,1,3,320
27.026242,3,3,1,320
27.026242,2,2,1,320
27.096852,1,1,3,204
27.097056,3,3,1,204
27.097056,2,2,1,204
27.108004,1,1,3,1333
27.108818,3,3,3,1308
27.109337,3,3,1,1333
27.109337,2,2,1,1333
27.110646,1,1,1,1308
27.110646,2,2,1,1308
27.121306,1,1,3,682
27.121988,3,3,1,682
27.121988,2,2,1,682
27.162829,1,1,3,626
27.163455,3,3,1,626
27.163455,2,2,1,626
27.172268,3,3,3,839
27.173107,1,1,1,839
27.173107,2,2,1,839
27.209219,2,2,3,1206
27.210188,1,1,3,387
27.210425,1,1,1,1206
27.210425,3,3,1,1206
27.210813,3,3,1,387
27.210813,2,2,1,387
27.213154,3,3,3,1367
27.214521,1,1,1,1367
27.214521,2,2,1,1367
27.215575,3,3,3,1065
27.216177,3,3,3,610
27.216640,1,1,1,1065
27.216640,2,2,1,1065
27.217251,1,1,2,610
27.217251,2,2,2,610
27.235819,2,2,3,669
27.236488,1,1,1,669
27.236488,3,3,1,669
27.275686,1,1,3,394
27.276080,3,3,1,394
27.276080,2,2,1,394
27.291941,2,2,3,358
27.292299,1,1,1,358
27.292299,3,3,1,358
27.325282,2,2,3,965
27.326247,1,1,1,965
27.326247,3,3,1,965
27.340140,1,1,3,1359
27.341499,3,3,1,1359
27.341499,2,2,1,1359
27.360657,3,3,3,778
27.361435,1,1,1,778
27.361435,2,2,1,778
27.369820,3,3,3,460
27.370280,1,1,1,460
27.370280,2,2,1,460
27.416773,2,2,3,993
27.417766,1,1,1,993
27.417766,3,3,1,993
27.442761,3,3,3,253
27.443014,1,1,1,253
27.443014,2,2,1,253
27.446498,3,3,3,1274
27.447772,1,1,1,1274
27.447772,2,2,1,1274
27.610058,3,3,3,1125
27.611183,1,1,1,1125
27.611183,2,2,1,1125
27.673283,3,3,3,1000
27.674283,1,1,1,1000
27.674283,2,2,1,1000
27.687096,1,1,3,306
27.687402,3,3,1,306
27.687402,2,2,1,306
27.709016,2,2,3,1156
27.710172,1,1,1,1156
27.710172,3,3,1,1156
27.726295,3,3,3,1405
27.727700,1,1,1,1405
27.727700,2,2,1,1405
27.736672,1,1,3,1006
27.737678,3,3,1,1006
27.737678,2,2,1,1006
27.810259,1,1,3,1066
27.811325,3,3,1,1066
27.811325,2,2,1,1066
27.830496,1,1,3,1350
27.831846,3,3,1,1350
27.831846,2,2,1,1350
27.870892,2,2,3,881
27.871773,1,1,1,881
27.871773,3,3,1,881
27.927815,2,2,3,937
27.928752,1,1,1,937
27.928752,3,3,1,937
27.944924,3,3,3,1316
27.946240,1,1,1,1316
27.946240,2,2,1,1316
27.955175,1,1,3,337
27.955512,3,3,1,337
27.955512,2,2,1,337
28.013404,1,1,3,379
28.013783,3,3,1,379
28.013783,2,2,1,379
28.023965,2,2,3,1237
28.025202,1,1,1,1237
28.025202,3,3,1,1237
28.029492,3,3,3,312
28.029804,1,1,1,312
28.029804,2,2,1,312
28.033944,3,3,3,224
28.034168,1,1,1,224
28.034168,2,2,1,224
28.092503,3,3,3,995
28.093498,1,1,1,995
28.093498,2,2,1,995
28.105117,2,2,3,1009
28.106126,1,1,1,1009
28.106126,3,3,1,1009
28.117863,3,3,3,1113
28.118976,1,1,1,1113
28.118976,2,2,1,1113
28.173293,3,3,3,954
28.174247,1,1,1,954
28.174247,2,2,1,954
28.248739,1,1,3,1296
28.250035,3,3,1,1296
28.250035,2,2,1,1296
28.290011,1,1,3,1011
28.291022,3,3,1,1011
28.291022,2,2,1,1011
28.303131,2,2,3,828
28.303959,1,1,1,828
28.303959,3,3,1,828
28.307829,1,1,3,658
28.308487,3,3,1,658
28.308487,2,2,1,658
28.347219,2,2,3,979
28.348198,1,1,1,979
28.348198,3,3,1,979
28.365615,1,1,3,701
28.366316,3,3,1,701
28.366316,2,2,1,701
28.381465,1,1,3,1109
28.382574,3,3,1,1109
28.382575,2,2,1,1109
28.520754,1,1,3,1394
28.522148,3,3,1,1394
28.522148,2,2,1,1394
28.534297,2,2,3,694
28.534991,1,1,1,694
28.534991,3,3,1,694
28.570851,1,1,3,1306
28.572157,3,3,1,1306
28.572157,2,2,1,1306
28.612079,2,2,3,62
28.612141,1,1,1,62
28.612141,3,3,1,62
28.618688,3,3,3,1251
28.619939,1,1,1,1251
28.619939,2,2,1,1251
28.635313,2,2,3,1280
28.636593,1,1,1,1280
28.636593,3,3,1,1280
28.688314,2,2,3,333
28.688647,1,1,1,333
28.688647,3,3,1,333
28.688729,2,2,3,1454
28.690183,1,1,1,1454
28.690183,3,3,1,1454
28.692664,1,1,3,950
28.693614,3,3,1,950
28.693614,2,2,1,950
28.703391,2,2,3,575
28.703966,1,1,1,575
28.703966,3,3,1,575
28.706750,3,3,3,144
28.706894,1,1,1,144
28.706894,2,2,1,144
28.759941,1,1,3,736
28.760677,3,3,1,736
28.760677,2,2,1,736
28.761482,1,1,3,631
28.762113,3,3,1,631
28.762113,2,2,1,631
28.780438,2,2,3,478
28.780916,1,1,1,478
28.780916,3,3,1,478
28.903034,1,1,3,1128
28.904162,3,3,1,1128
28.904163,2,2,1,1128
28.917096,2,2,3,1414
28.918510,1,1,1,1414
28.918510,3,3,1,1414
28.919924,2,2,3,1265
28.921189,1,1,1,1265
28.921189,3,3,1,1265
28.930363,1,1,3,251
28.930614,3,3,1,251
28.930614,2,2,1,251
28.960256,1,1,3,880
28.961136,3,3,1,880
28.961136,2,2,1,880
28.991801,2,2,3,1229
28.992892,1,1,3,580
28.993030,1,1,1,1229
28.993030,3,3,1,1229
28.993611,3,3,1,580
28.993611,2,2,1,580
29.016587,2,2,3,517
29.017104,1,1,1,517
29.017104,3,3,1,517
29.057519,3,3,3,409
29.057928,1,1,1,409
29.057928,2,2,1,409
29.063579,1,1,3,253
29.063832,3,3,1,253
29.063832,2,2,1,253
29.066838,3,3,3,837
29.067675,1,1,1,837
29.067675,2,2,1,837
29.073377,3,3,3,1450
29.074827,1,1,1,1450
29.074827,2,2,1,1450
29.138662,3,3,3,488
29.139150,1,1,1,488
29.139150,2,2,1,488
29.162182,1,1,3,67
29.162249,3,3,1,67
29.162249,2,2,1,67
29.190395,2,2,3,981
29.191376,1,1,1,981
29.191376,3,3,1,981
29.219142,1,1,3,1120
29.220262,3,3,1,1120
29.220262,2,2,1,1120
29.269286,3,3,3,202
29.269488,1,1,1,202
29.269488,2,2,1,202
29.325458,3,3,3,77
29.325535,1,1,1,77
29.325535,2,2,1,77
29.357202,3,3,3,581
29.357783,1,1,1,581
29.357783,2,2,1,581
29.399334,3,3,3,566
29.399900,1,1,1,566
29.399900,2,2,1,566
29.435563,1,1,3,303
29.435866,3,3,1,303
29.435866,2,2,1,303
29.517771,2,2,3,806
29.518577,1,1,1,806
29.518577,3,3,1,806
29.559133,2,2,3,821
29.559954,1,1,1,821
29.559954,3,3,1,821
29.561830,3,3,3,740
29.562570,1,1,1,740
29.562570,2,2,1,740
29.564050,3,3,3,1264
29.565314,1,1,1,1264
29.565314,2,2,1,1264
29.576738,2,2,3,523
29.577261,1,1,1,523
29.577261,3,3,1,523
29.604334,3,3,3,908
29.605242,1,1,1,908
29.605242,2,2,1,908
29.609572,1,1,3,1161
29.610733,3,3,1,1161
29.610733,2,2,1,1161
29.616579,1,1,3,847
29.617426,3,3,1,847
29.617426,2,2,1,847
29.658403,3,3,3,1262
29.659665,1,1,1,1262
29.659665,2,2,1,1262
29.690122,1,1,3,725
29.690847,3,3,1,725
29.690847,2,2,1,725
29.746640,3,3,3,1149
29.747789,1,1,1,1149
29.747789,2,2,1,1149
29.763566,1,1,3,829
29.764395,3,3,1,829
29.764395,2,2,1,829
29.789307,3,3,3,1454
29.790761,1,1,1,1454
29.790761,2,2,1,1454
29.886457,1,1,3,1406
29.887863,3,3,1,1406
29.887863,2,2,1,1406
29.907621,3,3,3,901
29.908522,1,1,1,901
29.908522,2,2,1,901
29.937379,1,1,3,530
29.937909,3,3,1,530
29.937909,2,2,1,530
29.968737,1,1,3,1421
29.970158,3,3,1,1421
29.970158,2,2,1,1421
30.011590,1,1,3,1460
